{
  "netlist": "* cascode_lna_v1 - Generated by GenRF Generation 2 (Robust)\n* Target: 2.40GHz, 20.0dB gain, 1.2dB NF\n* Generation Time: 2025-08-23 17:39:32\n* Specification Hash: f22825d7b32a1e62\n* Security Level: High\n\n.param vdd=1.200\n.param temp=27.0\n.param freq=2400000000\n\n* Robust LNA Core Circuit\n* Input stage with validation\nM1 n1 gate source bulk nch W=8.742542e-05 L=3.758989e-07\nM2 drain vbias2 n1 bulk nch W=2.435828e-05 L=2.725144e-07\n\n* Input matching network with bounds checking\nLs input n2 7.434642e-09\nLg n2 gate 6.764800e-09\nCgs gate source 3.612157e-12\n\n* Output matching network\nLd drain n3 1.387271e-08\nCd n3 output 1.548546e-11\nRd output vdd 295.7\n\n* Biasing network with protection\nVbias vbias 0 DC 0.750\nVbias2 vbias2 0 DC 0.960\nIbias source 0 DC 8.361266e-03\n\n* Supply and ground connections\nVdd vdd 0 DC 1.200\nVss bulk 0 DC 0\n\n* Protection elements\nRprotect input n2 1.0\nCprotect drain vdd 1.000000e-12\n\n* Parameter validation passed: True\n* Component count: 12\n* Netlist checksum: bdf5d736\n\n.model nch nmos level=1 vto=0.5 kp=100u gamma=0.5 phi=0.7\n.model pch pmos level=1 vto=-0.5 kp=50u gamma=0.5 phi=0.7\n\n.end\n",
  "parameters": {
    "W1": 8.742542302875547e-05,
    "L1": 3.75898921219967e-07,
    "W2": 2.435827841178093e-05,
    "L2": 2.725143876929542e-07,
    "Ls": 7.4346421245258135e-09,
    "Lg": 6.764800213170256e-09,
    "Ld": 1.3872706375321192e-08,
    "Ibias": 0.008361266392222826,
    "Vbias": 0.7504954698197727,
    "Rd": 295.69703649376487,
    "Cs": 1.5485464939866576e-11,
    "Cg": 3.612157240077065e-12
  },
  "performance": {
    "gain_db": 24.320566195919223,
    "noise_figure_db": 3.796903915435169,
    "power_w": 0.01103687163773413,
    "s11_db": -5,
    "bandwidth_hz": 24.766555704601167,
    "stability_margin_db": 0,
    "unity_gain_freq_hz": 123.83277852300583,
    "transconductance_ms": 55.741775948152174,
    "estimation_confidence": 0.85
  },
  "topology": "cascode_lna_v1",
  "technology": "generic",
  "generation_time": 0.0012712478637695312,
  "spice_valid": false,
  "security_score": 100.0,
  "validation_report": {
    "is_valid": true,
    "errors": [],
    "warnings": [
      "Noise figure 3.80dB exceeds target 1.20dB",
      "Power 11.0mW exceeds target 8.0mW"
    ],
    "scores": {
      "security": 100.0,
      "performance": 0,
      "reliability": 90.0,
      "overall": 63.333333333333336
    }
  },
  "reliability_metrics": {
    "is_secure": true,
    "is_reliable": true,
    "result_hash": "b8243c4a6e18aa7b"
  }
}