{
  "netlist": "* gilbert_mixer_v1 - Generated by GenRF Generation 2 (Robust)\n* Target: 28.00GHz, 5.0dB gain, 12.0dB NF\n* Generation Time: 2025-08-23 17:39:32\n* Specification Hash: 0a7f6d896dae3c63\n* Security Level: High\n\n.param vdd=1.200\n.param temp=27.0\n.param freq=28000000000\n\n* Robust Gilbert Cell Mixer\n* RF input stage\nM1 n1 rf_p tail bulk nch W=9.574390e-05 L=100n\nM2 n2 rf_n tail bulk nch W=9.574390e-05 L=100n\n\n* LO switching quad with validation\nM3 if_p lo_p n1 bulk nch W=7.641182e-05 L=100n\nM4 if_n lo_n n1 bulk nch W=7.641182e-05 L=100n\nM5 if_n lo_p n2 bulk nch W=7.641182e-05 L=100n\nM6 if_p lo_n n2 bulk nch W=7.641182e-05 L=100n\n\n* Tail current source with protection\nMtail tail vbias 0 bulk nch W=5.537942e-04 L=200n\nItail vbias 0 DC 3.940913e-03\n\n* Load with matching\nRL1 if_p vdd 1270.4\nRL2 if_n vdd 1270.4\n\n* AC coupling with protection\nCin1 rf_input rf_p 1.580022e-11\nCin2 rf_input rf_n 1.580022e-11\nCout if_p if_output 2.866603e-12\n\n* Supply\nVdd vdd 0 DC 1.200\nVss bulk 0 DC 0\n\n* Parameter validation passed: True\n* Component count: 10\n* Netlist checksum: 5d1298c6\n\n.model nch nmos level=1 vto=0.5 kp=100u gamma=0.5 phi=0.7\n.model pch pmos level=1 vto=-0.5 kp=50u gamma=0.5 phi=0.7\n\n.end\n",
  "parameters": {
    "Wrf": 9.574390373413254e-05,
    "Lrf": 2.8e-08,
    "Wlo": 7.641182372155761e-05,
    "Llo": 1.088397332638503e-07,
    "Wtail": 0.0005537941904939359,
    "Ltail": 7.257158414121107e-07,
    "RL": 1270.4165941348172,
    "Ibias": 0.003940913441561752,
    "Cin": 1.5800221550611978e-11,
    "Cout": 2.8666033977204795e-12
  },
  "performance": {
    "gain_db": 25,
    "noise_figure_db": 12.341474094026658,
    "power_w": 0.005674915355848922,
    "s11_db": -13.325059249220475,
    "bandwidth_hz": 4181439030.1456413,
    "ip3_dbm": 10.955968961026178,
    "conversion_loss_db": 0,
    "estimation_confidence": 0.8
  },
  "topology": "gilbert_mixer_v1",
  "technology": "generic",
  "generation_time": 0.001180887222290039,
  "spice_valid": false,
  "security_score": 100.0,
  "validation_report": {
    "is_valid": true,
    "errors": [],
    "warnings": [],
    "scores": {
      "security": 100.0,
      "performance": 5.723506039822278,
      "reliability": 100,
      "overall": 68.57450201327408
    }
  },
  "reliability_metrics": {
    "is_secure": true,
    "is_reliable": true,
    "result_hash": "411a3b30f350c91e"
  }
}