{
  "netlist": "* gilbert_mixer_v1 - Generated by GenRF Generation 2 (Robust)\n* Target: 28.00GHz, 5.0dB gain, 12.0dB NF\n* Generation Time: 2025-08-23 17:43:56\n* Specification Hash: 0a7f6d896dae3c63\n* Security Level: High\n\n.param vdd=1.200\n.param temp=27.0\n.param freq=28000000000\n\n* Robust Gilbert Cell Mixer\n* RF input stage\nM1 n1 rf_p tail bulk nch W=8.321644e-05 L=100n\nM2 n2 rf_n tail bulk nch W=8.321644e-05 L=100n\n\n* LO switching quad with validation\nM3 if_p lo_p n1 bulk nch W=7.498205e-05 L=100n\nM4 if_n lo_n n1 bulk nch W=7.498205e-05 L=100n\nM5 if_n lo_p n2 bulk nch W=7.498205e-05 L=100n\nM6 if_p lo_n n2 bulk nch W=7.498205e-05 L=100n\n\n* Tail current source with protection\nMtail tail vbias 0 bulk nch W=2.961984e-04 L=200n\nItail vbias 0 DC 1.640119e-03\n\n* Load with matching\nRL1 if_p vdd 8929.6\nRL2 if_n vdd 8929.6\n\n* AC coupling with protection\nCin1 rf_input rf_p 4.999999e-12\nCin2 rf_input rf_n 4.999999e-12\nCout if_p if_output 3.845444e-12\n\n* Supply\nVdd vdd 0 DC 1.200\nVss bulk 0 DC 0\n\n* Parameter validation passed: True\n* Component count: 10\n* Netlist checksum: dafd9540\n\n.model nch nmos level=1 vto=0.5 kp=100u gamma=0.5 phi=0.7\n.model pch pmos level=1 vto=-0.5 kp=50u gamma=0.5 phi=0.7\n\n.end\n",
  "parameters": {
    "Wrf": 8.32164425594644e-05,
    "Lrf": 2.1315239383494346e-07,
    "Wlo": 7.498204858369765e-05,
    "Llo": 4.8765017899816516e-08,
    "Wtail": 0.00029619836371151426,
    "Ltail": 1.68984686345376e-07,
    "RL": 8929.607287336597,
    "Ibias": 0.0016401185903310498,
    "Cin": 4.9999987759024975e-12,
    "Cout": 3.8454436315548e-12
  },
  "performance": {
    "gain_db": 25,
    "noise_figure_db": 12.341474094026658,
    "power_w": 0.0023617707700767116,
    "s11_db": -13.325059249220475,
    "bandwidth_hz": 1740219872.720652,
    "ip3_dbm": 7.14875251257665,
    "conversion_loss_db": 0,
    "estimation_confidence": 0.8
  },
  "topology": "gilbert_mixer_v1",
  "technology": "generic",
  "generation_time": 0.2111499309539795,
  "spice_valid": false,
  "security_score": 100.0,
  "validation_report": {
    "is_valid": true,
    "errors": [],
    "warnings": [],
    "scores": {
      "security": 100.0,
      "performance": 5.723506039822278,
      "reliability": 100,
      "overall": 68.57450201327408
    }
  },
  "reliability_metrics": {
    "is_secure": true,
    "is_reliable": true,
    "result_hash": "a611917585cac815"
  }
}