{
  "netlist": "* cascode_lna_v1 - Generated by GenRF Generation 2 (Robust)\n* Target: 5.80GHz, 18.0dB gain, 1.5dB NF\n* Generation Time: 2025-08-23 17:43:56\n* Specification Hash: e23a291fb83302e0\n* Security Level: High\n\n.param vdd=1.200\n.param temp=27.0\n.param freq=5800000000\n\n* Robust LNA Core Circuit\n* Input stage with validation\nM1 n1 gate source bulk nch W=2.843520e-04 L=7.142574e-08\nM2 drain vbias2 n1 bulk nch W=3.164701e-05 L=8.749577e-07\n\n* Input matching network with bounds checking\nLs input n2 1.809152e-08\nLg n2 gate 1.119941e-08\nCgs gate source 1.212761e-11\n\n* Output matching network\nLd drain n3 1.623732e-08\nCd n3 output 2.558084e-11\nRd output vdd 622.2\n\n* Biasing network with protection\nVbias vbias 0 DC 1.100\nVbias2 vbias2 0 DC 0.960\nIbias source 0 DC 1.932557e-02\n\n* Supply and ground connections\nVdd vdd 0 DC 1.200\nVss bulk 0 DC 0\n\n* Protection elements\nRprotect input n2 1.0\nCprotect drain vdd 1.000000e-12\n\n* Parameter validation passed: True\n* Component count: 12\n* Netlist checksum: 949a35a3\n\n.model nch nmos level=1 vto=0.5 kp=100u gamma=0.5 phi=0.7\n.model pch pmos level=1 vto=-0.5 kp=50u gamma=0.5 phi=0.7\n\n.end\n",
  "parameters": {
    "W1": 0.0002843519669077845,
    "L1": 7.142574207712392e-08,
    "W2": 3.164700694053641e-05,
    "L2": 8.749577066567721e-07,
    "Ls": 1.8091523799905302e-08,
    "Lg": 1.1199409317570608e-08,
    "Ld": 1.6237315043883066e-08,
    "Ibias": 0.019325571046514386,
    "Vbias": 1.4204271819148122,
    "Rd": 622.1785298612085,
    "Cs": 2.5580842174525405e-11,
    "Cg": 1.2127609390875864e-11
  },
  "performance": {
    "gain_db": 37.963023975659766,
    "noise_figure_db": 4.639823747435102,
    "power_w": 0.02550975378139899,
    "s11_db": -5,
    "bandwidth_hz": 92.62403843282479,
    "stability_margin_db": 0,
    "unity_gain_freq_hz": 463.1201921641239,
    "transconductance_ms": 128.83714031009592,
    "estimation_confidence": 0.85
  },
  "topology": "cascode_lna_v1",
  "technology": "generic",
  "generation_time": 0.05325937271118164,
  "spice_valid": false,
  "security_score": 100.0,
  "validation_report": {
    "is_valid": true,
    "errors": [],
    "warnings": [
      "Noise figure 4.64dB exceeds target 1.50dB",
      "Power 25.5mW exceeds target 12.0mW",
      "Very high W/L ratio: 3981.1"
    ],
    "scores": {
      "security": 100.0,
      "performance": 0,
      "reliability": 85.0,
      "overall": 61.666666666666664
    }
  },
  "reliability_metrics": {
    "is_secure": true,
    "is_reliable": true,
    "result_hash": "29e569bfa2fe7360"
  }
}