{
  "netlist": "* lc_vco_cross_coupled - Generated by GenRF Generation 2 (Robust)\n* Target: 10.00GHz, 0.0dB gain, infdB NF\n* Generation Time: 2025-08-23 17:43:56\n* Specification Hash: a80ae82b7d3f716f\n* Security Level: High\n\n.param vdd=1.200\n.param temp=27.0\n.param freq=10000000000\n\n* Robust LC VCO\n* Cross-coupled pair with validation\nM1 outp outn tail bulk nch W=8.927422e-04 L=2.356930e-07\nM2 outn outp tail bulk nch W=8.927422e-04 L=2.356930e-07\n\n* LC tank with bounds\nL1 outp vdd 1.743917e-08\nL2 outn vdd 1.743917e-08\nC1 outp outn 6.952152e-12\n\n* Varactor for tuning with protection\nCvar1 outp vctrl 1.603736e-12\nCvar2 outn vctrl 1.603736e-12\n\n* Tail current with protection\nRtail tail 0 21410.6\nItail tail 0 DC 9.563648e-03\n\n* Control and supply\nVctrl vctrl 0 DC 0.600\nVdd vdd 0 DC 1.200\nVss bulk 0 DC 0\n\n* Startup circuit for reliability\nRstartup outp outn 100k\n\n* Parameter validation passed: True\n* Component count: 7\n* Netlist checksum: 2d133529\n\n.model nch nmos level=1 vto=0.5 kp=100u gamma=0.5 phi=0.7\n.model pch pmos level=1 vto=-0.5 kp=50u gamma=0.5 phi=0.7\n\n.end\n",
  "parameters": {
    "W": 0.0008927421595276253,
    "L": 2.3569296893220066e-07,
    "Ltank": 1.7439167449438612e-08,
    "Ctank": 6.952152281792969e-12,
    "Cvar": 1.6037358033132592e-12,
    "Rtail": 21410.639343788473,
    "Ibias": 0.009563648198979993
  },
  "performance": {
    "gain_db": 0.0,
    "noise_figure_db": Infinity,
    "power_w": 0.014919291190408787,
    "frequency_hz": 457085684.22537494,
    "phase_noise_1MHz_dbchz": -150,
    "tuning_range_hz": 47268685.122770496,
    "q_factor": 5.008448767654676,
    "startup_margin_db": 18.05817617407024,
    "frequency_error_pct": 95.42914315774625,
    "estimation_confidence": 0.75
  },
  "topology": "lc_vco_cross_coupled",
  "technology": "generic",
  "generation_time": 0.06986832618713379,
  "spice_valid": false,
  "security_score": 100.0,
  "validation_report": {
    "is_valid": true,
    "errors": [],
    "warnings": [],
    "scores": {
      "security": 100.0,
      "performance": 1.283628670663005,
      "reliability": 100,
      "overall": 67.094542890221
    }
  },
  "reliability_metrics": {
    "is_secure": true,
    "is_reliable": true,
    "result_hash": "64312ca624dd2c02"
  }
}