{
  "netlist": "* cascode_lna_v1 - Generated by GenRF Generation 2 (Robust)\n* Target: 2.40GHz, 15.0dB gain, 2.0dB NF\n* Generation Time: 2025-08-23 17:43:56\n* Specification Hash: bc2388907996c372\n* Security Level: High\n\n.param vdd=1.200\n.param temp=27.0\n.param freq=2400000000\n\n* Robust LNA Core Circuit\n* Input stage with validation\nM1 n1 gate source bulk nch W=2.894038e-04 L=1.278863e-06\nM2 drain vbias2 n1 bulk nch W=6.672514e-06 L=4.310521e-06\n\n* Input matching network with bounds checking\nLs input n2 2.508701e-08\nLg n2 gate 2.734848e-08\nCgs gate source 1.616255e-11\n\n* Output matching network\nLd drain n3 3.039655e-08\nCd n3 output 7.415230e-11\nRd output vdd 10742.7\n\n* Biasing network with protection\nVbias vbias 0 DC 1.100\nVbias2 vbias2 0 DC 0.960\nIbias source 0 DC 1.787177e-02\n\n* Supply and ground connections\nVdd vdd 0 DC 1.200\nVss bulk 0 DC 0\n\n* Protection elements\nRprotect input n2 1.0\nCprotect drain vdd 1.000000e-12\n\n* Parameter validation passed: True\n* Component count: 12\n* Netlist checksum: d3d24e20\n\n.model nch nmos level=1 vto=0.5 kp=100u gamma=0.5 phi=0.7\n.model pch pmos level=1 vto=-0.5 kp=50u gamma=0.5 phi=0.7\n\n.end\n",
  "parameters": {
    "W1": 0.0002894037930901678,
    "L1": 1.278863133095533e-06,
    "W2": 6.672513963435439e-06,
    "L2": 4.310521204003159e-06,
    "Ls": 2.5087012097440436e-08,
    "Lg": 2.7348484497065936e-08,
    "Ld": 3.03965545592704e-08,
    "Ibias": 0.01787176723331386,
    "Vbias": 1.9198151178997866,
    "Rd": 10742.693085486664,
    "Cs": 7.415230033162809e-11,
    "Cg": 1.6162554440067944e-11
  },
  "performance": {
    "gain_db": 60,
    "noise_figure_db": 3.705717278196045,
    "power_w": 0.023590732747974297,
    "s11_db": -5,
    "bandwidth_hz": 4.700473270595027,
    "stability_margin_db": 0,
    "unity_gain_freq_hz": 23.502366352975134,
    "transconductance_ms": 119.14511488875908,
    "estimation_confidence": 0.85
  },
  "topology": "cascode_lna_v1",
  "technology": "generic",
  "generation_time": 0.0561213493347168,
  "spice_valid": false,
  "security_score": 100.0,
  "validation_report": {
    "is_valid": true,
    "errors": [],
    "warnings": [
      "Noise figure 3.71dB exceeds target 2.00dB",
      "Power 23.6mW exceeds target 10.0mW"
    ],
    "scores": {
      "security": 100.0,
      "performance": 0,
      "reliability": 90.0,
      "overall": 63.333333333333336
    }
  },
  "reliability_metrics": {
    "is_secure": true,
    "is_reliable": true,
    "result_hash": "a1acbdec72ab2ac0"
  }
}