{
  "netlist": "* gilbert_mixer_v1 - Generated by GenRF Generation 2 (Robust)\n* Target: 10.00GHz, 8.0dB gain, 10.0dB NF\n* Generation Time: 2025-08-23 17:43:56\n* Specification Hash: 60de6b5e5c813dbf\n* Security Level: High\n\n.param vdd=1.200\n.param temp=27.0\n.param freq=10000000000\n\n* Robust Gilbert Cell Mixer\n* RF input stage\nM1 n1 rf_p tail bulk nch W=1.941142e-04 L=100n\nM2 n2 rf_n tail bulk nch W=1.941142e-04 L=100n\n\n* LO switching quad with validation\nM3 if_p lo_p n1 bulk nch W=5.940097e-06 L=100n\nM4 if_n lo_n n1 bulk nch W=5.940097e-06 L=100n\nM5 if_n lo_p n2 bulk nch W=5.940097e-06 L=100n\nM6 if_p lo_n n2 bulk nch W=5.940097e-06 L=100n\n\n* Tail current source with protection\nMtail tail vbias 0 bulk nch W=4.725939e-04 L=200n\nItail vbias 0 DC 2.323777e-02\n\n* Load with matching\nRL1 if_p vdd 2832.4\nRL2 if_n vdd 2832.4\n\n* AC coupling with protection\nCin1 rf_input rf_p 3.244459e-13\nCin2 rf_input rf_n 3.244459e-13\nCout if_p if_output 2.034761e-11\n\n* Supply\nVdd vdd 0 DC 1.200\nVss bulk 0 DC 0\n\n* Parameter validation passed: True\n* Component count: 10\n* Netlist checksum: d2e97631\n\n.model nch nmos level=1 vto=0.5 kp=100u gamma=0.5 phi=0.7\n.model pch pmos level=1 vto=-0.5 kp=50u gamma=0.5 phi=0.7\n\n.end\n",
  "parameters": {
    "Wrf": 0.0001941141881096052,
    "Lrf": 1.1925604606784647e-06,
    "Wlo": 5.9400973092859985e-06,
    "Llo": 1.1961591478439783e-06,
    "Wtail": 0.0004725939041604424,
    "Ltail": 3.3884627308896505e-06,
    "RL": 2832.3935117989195,
    "Ibias": 0.023237770292171046,
    "Cin": 3.2444585001756125e-13,
    "Cout": 2.0347610556371457e-11
  },
  "performance": {
    "gain_db": 25,
    "noise_figure_db": 11.0,
    "power_w": 0.03346238922072631,
    "s11_db": -10.792645075960518,
    "bandwidth_hz": 3000000000.0,
    "ip3_dbm": 18.661944543438363,
    "conversion_loss_db": 0,
    "estimation_confidence": 0.8
  },
  "topology": "gilbert_mixer_v1",
  "technology": "generic",
  "generation_time": 0.0670926570892334,
  "spice_valid": false,
  "security_score": 100.0,
  "validation_report": {
    "is_valid": true,
    "errors": [],
    "warnings": [
      "Power 33.5mW exceeds target 15.0mW"
    ],
    "scores": {
      "security": 100.0,
      "performance": 0,
      "reliability": 95.0,
      "overall": 65.0
    }
  },
  "reliability_metrics": {
    "is_secure": true,
    "is_reliable": true,
    "result_hash": "e5b643b5e66474dc"
  }
}