{
  "total_points": 50,
  "successful_points": 50,
  "success_rate": 1.0,
  "analysis_time_s": 1.9619896411895752,
  "pareto_front_size": 15,
  "pareto_solutions": [
    {
      "parameters": {
        "frequency": 1244953607.9302316,
        "gain_min": 12.322536030666935,
        "nf_max": 1.7543415738426482,
        "power_max": 0.012845747754524548
      },
      "performance": {
        "gain_db": 60,
        "noise_figure_db": 3.3268769428128513,
        "power_w": 0.0608974830581808,
        "s11_db": -5,
        "bandwidth_hz": 2.34535005035666,
        "stability_margin_db": 0,
        "unity_gain_freq_hz": 11.726750251783299,
        "transconductance_ms": 307.56304574838794,
        "estimation_confidence": 0.85
      },
      "gain_db": 60,
      "nf_db": 3.3268769428128513,
      "power_mw": 60.8974830581808,
      "security_score": 100.0,
      "reliability_score": 90.0,
      "topology": "cascode_lna_v1"
    },
    {
      "parameters": {
        "frequency": 5241203411.337023,
        "gain_min": 11.173671667066127,
        "nf_max": 2.6901443167032033,
        "power_max": 0.019405094313312072
      },
      "performance": {
        "gain_db": 52.72953025092395,
        "noise_figure_db": 4.011643882378961,
        "power_w": 0.007947399913101243,
        "s11_db": -5,
        "bandwidth_hz": 2.73731347285055,
        "stability_margin_db": 0,
        "unity_gain_freq_hz": 13.686567364252749,
        "transconductance_ms": 40.13838339950123,
        "estimation_confidence": 0.85
      },
      "gain_db": 52.72953025092395,
      "nf_db": 4.011643882378961,
      "power_mw": 7.947399913101243,
      "security_score": 100.0,
      "reliability_score": 95.0,
      "topology": "cascode_lna_v1"
    },
    {
      "parameters": {
        "frequency": 1967947669.581712,
        "gain_min": 13.06918518547687,
        "nf_max": 1.5328011967021586,
        "power_max": 0.011982099075689367
      },
      "performance": {
        "gain_db": 41.8015282355442,
        "noise_figure_db": 3.6821472492475005,
        "power_w": 0.007027507779978006,
        "s11_db": -5,
        "bandwidth_hz": 0.13762171720526142,
        "stability_margin_db": 0,
        "unity_gain_freq_hz": 0.6881085860263071,
        "transconductance_ms": 35.492463535242464,
        "estimation_confidence": 0.85
      },
      "gain_db": 41.8015282355442,
      "nf_db": 3.6821472492475005,
      "power_mw": 7.027507779978007,
      "security_score": 100.0,
      "reliability_score": 95.0,
      "topology": "differential_lna"
    },
    {
      "parameters": {
        "frequency": 5223243644.8165455,
        "gain_min": 13.875108862664137,
        "nf_max": 2.4905257296087404,
        "power_max": 0.01988785279714382
      },
      "performance": {
        "gain_db": 49.82506670713471,
        "noise_figure_db": 3.8490928891494844,
        "power_w": 0.007266926957520541,
        "s11_db": -5,
        "bandwidth_hz": 0.7144826982054256,
        "stability_margin_db": 0,
        "unity_gain_freq_hz": 3.5724134910271284,
        "transconductance_ms": 36.701651300608795,
        "estimation_confidence": 0.85
      },
      "gain_db": 49.82506670713471,
      "nf_db": 3.8490928891494844,
      "power_mw": 7.266926957520541,
      "security_score": 100.0,
      "reliability_score": 95.0,
      "topology": "cascode_lna_v1"
    },
    {
      "parameters": {
        "frequency": 4227044806.5534763,
        "gain_min": 12.301676472131238,
        "nf_max": 2.8191325318465648,
        "power_max": 0.011870435865056235
      },
      "performance": {
        "gain_db": 60,
        "noise_figure_db": 3.675904931492362,
        "power_w": 0.018826264085277766,
        "s11_db": -5,
        "bandwidth_hz": 1.7923126652336712,
        "stability_margin_db": 0,
        "unity_gain_freq_hz": 8.961563326168354,
        "transconductance_ms": 95.08214184483721,
        "estimation_confidence": 0.85
      },
      "gain_db": 60,
      "nf_db": 3.675904931492362,
      "power_mw": 18.826264085277767,
      "security_score": 100.0,
      "reliability_score": 90.0,
      "topology": "common_source_lna"
    },
    {
      "parameters": {
        "frequency": 2396448492.243622,
        "gain_min": 10.90577675642332,
        "nf_max": 1.0332888652666976,
        "power_max": 0.009880028125442829
      },
      "performance": {
        "gain_db": 60,
        "noise_figure_db": 3.5153813266503824,
        "power_w": 0.020534765095780644,
        "s11_db": -5,
        "bandwidth_hz": 1.1395875092903798,
        "stability_margin_db": 0,
        "unity_gain_freq_hz": 5.697937546451899,
        "transconductance_ms": 103.71093482717498,
        "estimation_confidence": 0.85
      },
      "gain_db": 60,
      "nf_db": 3.5153813266503824,
      "power_mw": 20.534765095780642,
      "security_score": 100.0,
      "reliability_score": 90.0,
      "topology": "differential_lna"
    },
    {
      "parameters": {
        "frequency": 3900384474.83163,
        "gain_min": 19.98059554763116,
        "nf_max": 1.2042244349790374,
        "power_max": 0.00510239640143938
      },
      "performance": {
        "gain_db": 57.69808883005795,
        "noise_figure_db": 3.6999113885197152,
        "power_w": 0.008355153691707851,
        "s11_db": -5,
        "bandwidth_hz": 4.293023104338805,
        "stability_margin_db": 0,
        "unity_gain_freq_hz": 21.465115521694027,
        "transconductance_ms": 42.19774591771643,
        "estimation_confidence": 0.85
      },
      "gain_db": 57.69808883005795,
      "nf_db": 3.6999113885197152,
      "power_mw": 8.355153691707851,
      "security_score": 100.0,
      "reliability_score": 90.0,
      "topology": "common_source_lna"
    },
    {
      "parameters": {
        "frequency": 2557371947.228038,
        "gain_min": 20.020530885669267,
        "nf_max": 1.2186325170681644,
        "power_max": 0.015268191372573896
      },
      "performance": {
        "gain_db": 60,
        "noise_figure_db": 3.4797748971558424,
        "power_w": 0.028063919341903925,
        "s11_db": -5,
        "bandwidth_hz": 4.972350000645041,
        "stability_margin_db": 0,
        "unity_gain_freq_hz": 24.861750003225204,
        "transconductance_ms": 141.73696637325216,
        "estimation_confidence": 0.85
      },
      "gain_db": 60,
      "nf_db": 3.4797748971558424,
      "power_mw": 28.063919341903926,
      "security_score": 100.0,
      "reliability_score": 90.0,
      "topology": "common_source_lna"
    },
    {
      "parameters": {
        "frequency": 8216465321.057195,
        "gain_min": 14.06266877791475,
        "nf_max": 2.1305567616438306,
        "power_max": 0.006675481820556923
      },
      "performance": {
        "gain_db": 35.84452954521203,
        "noise_figure_db": 5.347527387163623,
        "power_w": 0.0009544667192544374,
        "s11_db": -5,
        "bandwidth_hz": 0.1278724950079888,
        "stability_margin_db": 0,
        "unity_gain_freq_hz": 0.639362475039944,
        "transconductance_ms": 4.820538986133522,
        "estimation_confidence": 0.85
      },
      "gain_db": 35.84452954521203,
      "nf_db": 5.347527387163623,
      "power_mw": 0.9544667192544374,
      "security_score": 100.0,
      "reliability_score": 95.0,
      "topology": "differential_lna"
    },
    {
      "parameters": {
        "frequency": 6409205625.850971,
        "gain_min": 19.045193666731556,
        "nf_max": 1.013631598988693,
        "power_max": 0.00636389872105526
      },
      "performance": {
        "gain_db": 44.90876469693084,
        "noise_figure_db": 4.5778832014774355,
        "power_w": 0.0017831878644186483,
        "s11_db": -5,
        "bandwidth_hz": 0.347327235625809,
        "stability_margin_db": 0,
        "unity_gain_freq_hz": 1.7366361781290451,
        "transconductance_ms": 9.0059993152457,
        "estimation_confidence": 0.85
      },
      "gain_db": 44.90876469693084,
      "nf_db": 4.5778832014774355,