{
  "generation3_results": {
    "single_generation": {
      "circuit_id": "ee24abdab899132fe806",
      "performance": {
        "fom": 0.7756961395611264,
        "efficiency": 775.6961395611263,
        "frequency_ghz": 5.8
      },
      "time_ms": 0.6563663482666016
    },
    "batch_generation": {
      "total_circuits": 24,
      "successful_circuits": 24,
      "throughput_cps": 3777.376111673984,
      "total_time_s": 0.006353616714477539
    },
    "optimization": {
      "total_evaluations": 50,
      "pareto_size": 15,
      "optimization_time_s": 0.020462989807128906,
      "best_score": 39.035804679118385
    },
    "system_performance": {
      "total_generations": 25,
      "successful_generations": 25,
      "failed_generations": 0,
      "total_time": 0.03123188018798828,
      "min_time": 0.0003237724304199219,
      "max_time": 0.0031015872955322266,
      "throughput": 1366.5789130718103,
      "cache_hits": 0,
      "cache_misses": 25,
      "memory_usage_mb": 41.20703125,
      "cpu_usage_percent": 0.0,
      "concurrent_workers": 1,
      "peak_concurrent_workers": 8,
      "batch_generations": 24,
      "optimization_scores": [
        0.5956745146825712,
        0.6600155654741471,
        0.6254722595784005,
        0.6621374317262522,
        0.6524760959624373,
        0.637891365945973,
        0.6604402953354507,
        0.22428604351448791,
        0.20361979409539596,
        0.1940647041017014,
        0.2070188393404646,
        0.27761547325902103,
        0.17757787698800542,
        0.3262053729457222,
        0.23942464471301483,
        0.4774548222359072,
        0.4238087393554806,
        0.31949432213139306,
        0.3717900683785236,
        0.3333333333333333,
        0.3333333333333333,
        0.3333333333333333,
        0.3333333333333333,
        0.3333333333333333,
        0.3333333333333333
      ],
      "success_rate": 1.0,
      "avg_generation_time": 0.0012492752075195313,
      "cache_hit_rate": 0.0,
      "avg_optimization_score": 0.39745872919057396
    }
  }
}