{
  "generation3_results": {
    "single_generation": {
      "circuit_id": "9e4be140164c7bcd9c17",
      "performance": {
        "fom": 1.254100094259401,
        "efficiency": 1254.1000942594007,
        "frequency_ghz": 5.8
      },
      "time_ms": 0.7576942443847656
    },
    "batch_generation": {
      "total_circuits": 24,
      "successful_circuits": 24,
      "throughput_cps": 4241.848046858539,
      "total_time_s": 0.00565791130065918
    },
    "optimization": {
      "total_evaluations": 50,
      "pareto_size": 11,
      "optimization_time_s": 0.024879932403564453,
      "best_score": 34.82867457960923
    },
    "system_performance": {
      "total_generations": 25,
      "successful_generations": 25,
      "failed_generations": 0,
      "total_time": 0.025591611862182617,
      "min_time": 0.00036072731018066406,
      "max_time": 0.002418994903564453,
      "throughput": 963.4636235000091,
      "cache_hits": 0,
      "cache_misses": 25,
      "memory_usage_mb": 40.80078125,
      "cpu_usage_percent": 0.0,
      "concurrent_workers": 1,
      "peak_concurrent_workers": 8,
      "batch_generations": 24,
      "optimization_scores": [
        0.6499962185445616,
        0.6581550108613259,
        0.5836834736441544,
        0.5551291534101631,
        0.4961290745007682,
        0.4486221472611951,
        0.44107151021898744,
        0.2643889525588969,
        0.15895047749600758,
        0.22084446746562303,
        0.22142580005155646,
        0.18227881847860258,
        0.24340794669441546,
        0.45372050713571843,
        0.3743299344594527,
        0.4100183798528471,
        0.18767173580975416,
        0.20761474699074745,
        0.5230488044028183,
        0.3333333333333333,
        0.3333333333333333,
        0.3333333333333333,
        0.3333333333333333,
        0.3333333333333333,
        0.3333333333333333
      ],
      "success_rate": 1.0,
      "avg_generation_time": 0.0010236644744873048,
      "cache_hit_rate": 0.0,
      "avg_optimization_score": 0.3712194863935039
    }
  }
}